{
  "consistency": {
    "WIN_vs_pnl_R": {
      "mismatch_rate": 0.0,
      "n_mismatch": 0,
      "n_valid_both": 8149
    }
  },
  "infile": "results/trades.clean.csv",
  "outfile": "targets.parquet",
  "targets": {
    "y_exit_class_counts": {
      "0": 5488,
      "1": 1199,
      "2": 1462
    },
    "y_good_05": {
      "n": 8149,
      "n_0": 6081,
      "n_1": 2068,
      "n_na": 0,
      "rate_1": 0.25377346913731746
    },
    "y_good_10": {
      "n": 8149,
      "n_0": 6334,
      "n_1": 1815,
      "n_na": 0,
      "rate_1": 0.22272671493434779
    },
    "y_sl": {
      "n": 8149,
      "n_0": 2661,
      "n_1": 5488,
      "n_na": 0,
      "rate_1": 0.6734568658731133
    },
    "y_time": {
      "n": 8149,
      "n_0": 6687,
      "n_1": 1462,
      "n_na": 0,
      "rate_1": 0.1794085163823782
    },
    "y_tp": {
      "n": 8149,
      "n_0": 6950,
      "n_1": 1199,
      "n_na": 0,
      "rate_1": 0.14713461774450853
    },
    "y_win": {
      "n": 8149,
      "n_0": 5811,
      "n_1": 2338,
      "n_na": 0,
      "rate_1": 0.2869063688796171
    }
  },
  "total_rows": 8149,
  "win_source": "WIN"
}