{
  "best_thresholds": {
    "ALL": {
      "best_by_mean_pnl_R": {
        "mean_pnl_R": 2.064169020612825,
        "mean_pnl_R_not_time": 2.705081701037593,
        "n": 114,
        "pos_rate": 0.6578947368421053,
        "rank_by_mean_pnl": 1.0,
        "rank_by_sum_pnl": 34.0,
        "scope": "ALL",
        "sum_pnl_R": 235.31526834986204,
        "threshold": 0.74,
        "time_rate": 0.34210526315789475,
        "win_rate": 0.7982456140350878
      },
      "best_by_sum_pnl_R": {
        "mean_pnl_R": 0.5880000009464189,
        "mean_pnl_R_not_time": 0.4629803227793149,
        "n": 2981,
        "pos_rate": 0.3851056692385106,
        "rank_by_mean_pnl": 26.0,
        "rank_by_sum_pnl": 1.0,
        "scope": "ALL",
        "sum_pnl_R": 1752.8280028212748,
        "threshold": 0.24,
        "time_rate": 0.2502515934250252,
        "win_rate": 0.43106340154310635
      }
    },
    "RISK_ON_1": {
      "best_by_mean_pnl_R": {
        "mean_pnl_R": 2.329973751508952,
        "mean_pnl_R_not_time": 2.8832281195099165,
        "n": 105,
        "pos_rate": 0.7714285714285715,
        "rank_by_mean_pnl": 1.0,
        "rank_by_sum_pnl": 35.0,
        "scope": "RISK_ON_1",
        "sum_pnl_R": 244.64724390843995,
        "threshold": 0.68,
        "time_rate": 0.34285714285714286,
        "win_rate": 0.8380952380952381
      },
      "best_by_sum_pnl_R": {
        "mean_pnl_R": 0.9116154685581364,
        "mean_pnl_R_not_time": 0.8554822382747234,
        "n": 982,
        "pos_rate": 0.46334012219959264,
        "rank_by_mean_pnl": 23.0,
        "rank_by_sum_pnl": 1.0,
        "scope": "RISK_ON_1",
        "sum_pnl_R": 895.2063901240899,
        "threshold": 0.24,
        "time_rate": 0.2515274949083503,
        "win_rate": 0.5030549898167006
      }
    }
  },
  "calibration_bins_path": "calibration_bins_p_logreg.csv",
  "calibrator_path": "calibrator_p_logreg_sigmoid.joblib",
  "chosen_method": "sigmoid",
  "ev_thresholds_path": "ev_thresholds_p_logreg.csv",
  "global_calibrated": {
    "auc": 0.7483005784091294,
    "avg_precision": 0.4556732462084283,
    "brier": 0.15123185400505954,
    "ece": 0.017508116640636263,
    "logloss": 0.46662354318838656
  },
  "global_raw": {
    "auc": 0.7483005784091294,
    "avg_precision": 0.4556732462084283,
    "brier": 0.21013978005281572,
    "ece": 0.21709265096370775,
    "logloss": 0.6138130550327365
  },
  "methods_test_metrics": {
    "isotonic": {
      "auc": 0.7358253343178276,
      "avg_precision": 0.5246961459589468,
      "brier": 0.19496593566739903,
      "ece": 0.09240506520067078,
      "logloss": 0.6297713502192132
    },
    "none": {
      "auc": 0.749007301665436,
      "avg_precision": 0.5598864822022994,
      "brier": 0.23239009987221187,
      "ece": 0.21391322347198516,
      "logloss": 0.672113638530271
    },
    "sigmoid": {
      "auc": 0.749007301665436,
      "avg_precision": 0.5598864822022994,
      "brier": 0.18955167685273053,
      "ece": 0.08290475051945966,
      "logloss": 0.5634074225548973
    }
  },
  "model_col": "p_logreg",
  "oof_calibrated_path": "oof_with_calibrated_p_logreg.parquet",
  "sizing_curve_path": "sizing_curve_p_logreg.csv"
}