{
  "best_thresholds": {
    "ALL": {
      "best_by_mean_pnl_R": {
        "mean_pnl_R": 2.084896254621182,
        "mean_pnl_R_not_time": 2.230017714239066,
        "n": 112,
        "pos_rate": 0.6785714285714286,
        "rank_by_mean_pnl": 1.0,
        "rank_by_sum_pnl": 38.0,
        "scope": "ALL",
        "sum_pnl_R": 233.5083805175724,
        "threshold": 0.8,
        "time_rate": 0.15178571428571427,
        "win_rate": 0.6964285714285714
      },
      "best_by_sum_pnl_R": {
        "mean_pnl_R": 0.6310910520092182,
        "mean_pnl_R_not_time": 0.5279460158136875,
        "n": 3112,
        "pos_rate": 0.3936375321336761,
        "rank_by_mean_pnl": 28.0,
        "rank_by_sum_pnl": 1.0,
        "scope": "ALL",
        "sum_pnl_R": 1963.955353852687,
        "threshold": 0.26,
        "time_rate": 0.24453727506426734,
        "win_rate": 0.43541131105398456
      }
    },
    "RISK_ON_1": {
      "best_by_mean_pnl_R": {
        "mean_pnl_R": 2.617325059675756,
        "mean_pnl_R_not_time": 2.851362480004334,
        "n": 109,
        "pos_rate": 0.7522935779816514,
        "rank_by_mean_pnl": 1.0,
        "rank_by_sum_pnl": 36.0,
        "scope": "RISK_ON_1",
        "sum_pnl_R": 285.2884315046574,
        "threshold": 0.7000000000000001,
        "time_rate": 0.13761467889908258,
        "win_rate": 0.7889908256880734
      },
      "best_by_sum_pnl_R": {
        "mean_pnl_R": 0.9872334253158568,
        "mean_pnl_R_not_time": 0.9653383010725304,
        "n": 977,
        "pos_rate": 0.48004094165813715,
        "rank_by_mean_pnl": 24.0,
        "rank_by_sum_pnl": 1.0,
        "scope": "RISK_ON_1",
        "sum_pnl_R": 964.527056533592,
        "threshold": 0.24,
        "time_rate": 0.2671443193449335,
        "win_rate": 0.5220061412487206
      }
    }
  },
  "calibration_bins_path": "calibration_bins_p_lgbm.csv",
  "calibrator_path": "calibrator_p_lgbm_sigmoid.joblib",
  "chosen_method": "sigmoid",
  "ev_thresholds_path": "ev_thresholds_p_lgbm.csv",
  "global_calibrated": {
    "auc": 0.7611826692855086,
    "avg_precision": 0.4677420532474804,
    "brier": 0.1516219204715752,
    "ece": 0.03926479807473758,
    "logloss": 0.4638595552881236
  },
  "global_raw": {
    "auc": 0.7611826692855086,
    "avg_precision": 0.4677420532474804,
    "brier": 0.16530664407585605,
    "ece": 0.11794070439146759,
    "logloss": 0.5896180034283347
  },
  "methods_test_metrics": {
    "isotonic": {
      "auc": 0.775775289195176,
      "avg_precision": 0.5752553649257496,
      "brier": 0.175222097499079,
      "ece": 0.03596543805174477,
      "logloss": 0.5202509754100322
    },
    "none": {
      "auc": 0.7790835999671835,
      "avg_precision": 0.6108259391922329,
      "brier": 0.19952033584825327,
      "ece": 0.15187668851498914,
      "logloss": 0.6286398545610824
    },
    "sigmoid": {
      "auc": 0.7790835999671835,
      "avg_precision": 0.6108259391922329,
      "brier": 0.17359256857568564,
      "ece": 0.04681060191403495,
      "logloss": 0.5166915990900769
    }
  },
  "model_col": "p_lgbm",
  "oof_calibrated_path": "oof_with_calibrated_p_lgbm.parquet",
  "sizing_curve_path": "sizing_curve_p_lgbm.csv"
}