{
  "best_thresholds": {
    "ALL": {
      "best_by_mean_pnl_R": {
        "mean_pnl_R": 2.3165499179536058,
        "mean_pnl_R_not_time": 2.7503824531814383,
        "n": 208,
        "pos_rate": 0.7355769230769231,
        "rank_by_mean_pnl": 1.0,
        "rank_by_sum_pnl": 33.0,
        "scope": "ALL",
        "sum_pnl_R": 481.84238293435,
        "threshold": 0.68,
        "time_rate": 0.27403846153846156,
        "win_rate": 0.7836538461538461
      },
      "best_by_sum_pnl_R": {
        "mean_pnl_R": 0.7129527136617936,
        "mean_pnl_R_not_time": 0.6357037194994067,
        "n": 3549,
        "pos_rate": 0.4051845590307129,
        "rank_by_mean_pnl": 23.0,
        "rank_by_sum_pnl": 1.0,
        "scope": "ALL",
        "sum_pnl_R": 2530.2691807857054,
        "threshold": 0.24,
        "time_rate": 0.25218371372217524,
        "win_rate": 0.4536489151873767
      }
    },
    "RISK_ON_1": {
      "best_by_mean_pnl_R": {
        "mean_pnl_R": 2.0218786403485374,
        "mean_pnl_R_not_time": 2.3956858121877533,
        "n": 242,
        "pos_rate": 0.6818181818181818,
        "rank_by_mean_pnl": 1.0,
        "rank_by_sum_pnl": 32.0,
        "scope": "RISK_ON_1",
        "sum_pnl_R": 489.2946309643461,
        "threshold": 0.62,
        "time_rate": 0.29338842975206614,
        "win_rate": 0.731404958677686
      },
      "best_by_sum_pnl_R": {
        "mean_pnl_R": 0.9414587049363887,
        "mean_pnl_R_not_time": 0.899026091906185,
        "n": 1416,
        "pos_rate": 0.4661016949152542,
        "rank_by_mean_pnl": 20.0,
        "rank_by_sum_pnl": 1.0,
        "scope": "RISK_ON_1",
        "sum_pnl_R": 1333.1055261899264,
        "threshold": 0.24,
        "time_rate": 0.2740112994350282,
        "win_rate": 0.5084745762711864
      }
    }
  },
  "calibration_bins_path": "calibration_bins_p_logreg.csv",
  "calibrator_path": "calibrator_p_logreg_sigmoid.joblib",
  "chosen_method": "sigmoid",
  "ev_thresholds_path": "ev_thresholds_p_logreg.csv",
  "global_calibrated": {
    "auc": 0.7397684451395523,
    "avg_precision": 0.49213098097799307,
    "brier": 0.16278423992229682,
    "ece": 0.016409612932228264,
    "logloss": 0.4961478293735727
  },
  "global_raw": {
    "auc": 0.7397684451395523,
    "avg_precision": 0.49213098097799307,
    "brier": 0.20482219111953096,
    "ece": 0.19297529288588078,
    "logloss": 0.5973214572797008
  },
  "methods_test_metrics": {
    "isotonic": {
      "auc": 0.7359278569908491,
      "avg_precision": 0.5320105641302965,
      "brier": 0.18126714446192413,
      "ece": 0.050210744919294316,
      "logloss": 0.5380481010322684
    },
    "none": {
      "auc": 0.7365042207561893,
      "avg_precision": 0.5473833106591016,
      "brier": 0.22470719552125756,
      "ece": 0.20410792716097018,
      "logloss": 0.6398955382944852
    },
    "sigmoid": {
      "auc": 0.7365042207561893,
      "avg_precision": 0.5473833106591016,
      "brier": 0.18023117394293156,
      "ece": 0.042164020613134186,
      "logloss": 0.5346215131659497
    }
  },
  "model_col": "p_logreg",
  "oof_calibrated_path": "oof_with_calibrated_p_logreg.parquet",
  "sizing_curve_path": "sizing_curve_p_logreg.csv"
}