{
  "fit_scope": "RISK_ON_1",
  "holdout_frac": 0.3,
  "models": {
    "p_lgbm": {
      "best_thresholds": {
        "ALL": {
          "best_by_mean_pnl_R": {
            "mean_pnl_R": 2.301011809712085,
            "mean_pnl_R_not_time": 2.5672294074309594,
            "n": 297,
            "pos_rate": 0.7407407407407407,
            "rank_by_mean_pnl": 1.0,
            "rank_by_sum_pnl": 25.0,
            "scope": "ALL",
            "sum_pnl_R": 683.4005074844891,
            "threshold": 0.78,
            "time_rate": 0.21885521885521886,
            "win_rate": 0.7643097643097643
          },
          "best_by_sum_pnl_R": {
            "mean_pnl_R": 0.7263232821644044,
            "mean_pnl_R_not_time": 0.6472395717094072,
            "n": 3659,
            "pos_rate": 0.4083082809510795,
            "rank_by_mean_pnl": 17.0,
            "rank_by_sum_pnl": 1.0,
            "scope": "ALL",
            "sum_pnl_R": 2657.616889439556,
            "threshold": 0.28,
            "time_rate": 0.23995627220552063,
            "win_rate": 0.45121617928395735
          }
        },
        "RISK_ON_1": {
          "best_by_mean_pnl_R": {
            "mean_pnl_R": 2.4412491954339135,
            "mean_pnl_R_not_time": 2.7867820061464585,
            "n": 215,
            "pos_rate": 0.786046511627907,
            "rank_by_mean_pnl": 1.0,
            "rank_by_sum_pnl": 15.0,
            "scope": "RISK_ON_1",
            "sum_pnl_R": 524.8685770182914,
            "threshold": 0.64,
            "time_rate": 0.25116279069767444,
            "win_rate": 0.8093023255813954
          },
          "best_by_sum_pnl_R": {
            "mean_pnl_R": 0.9649504824223591,
            "mean_pnl_R_not_time": 0.9291804572822139,
            "n": 1341,
            "pos_rate": 0.4690529455630127,
            "rank_by_mean_pnl": 7.0,
            "rank_by_sum_pnl": 1.0,
            "scope": "RISK_ON_1",
            "sum_pnl_R": 1293.9985969283837,
            "threshold": 0.28,
            "time_rate": 0.2595078299776286,
            "win_rate": 0.5055928411633109
          }
        }
      },
      "calibration_bins_path": "calibration_bins_p_lgbm.csv",
      "calibrator_path": "calibrator_p_lgbm_isotonic.joblib",
      "chosen_method": "isotonic",
      "ev_thresholds_path": "ev_thresholds_p_lgbm.csv",
      "global_calibrated": {
        "auc": 0.7557504237602171,
        "avg_precision": 0.5011223592459265,
        "brier": 0.15917171647490458,
        "ece": 0.022274905423549544,
        "logloss": 0.49559173136569096
      },
      "global_raw": {
        "auc": 0.7550756597665875,
        "avg_precision": 0.5177888175121914,
        "brier": 0.1706401734586537,
        "ece": 0.1021524651698968,
        "logloss": 0.5584377999293586
      },
      "methods_test_metrics": {
        "isotonic": {
          "auc": 0.7791462722565085,
          "avg_precision": 0.6177527428343811,
          "brier": 0.16439862481725526,
          "ece": 0.036961827046932585,
          "logloss": 0.5005934282425888
        },
        "none": {
          "auc": 0.7793945520323474,
          "avg_precision": 0.651236429162152,
          "brier": 0.17276734186403242,
          "ece": 0.09761711493781502,
          "logloss": 0.5613975208331545
        },
        "sigmoid": {
          "auc": 0.7793945520323474,
          "avg_precision": 0.651236429162152,
          "brier": 0.1647943172985011,
          "ece": 0.03923621414199675,
          "logloss": 0.5014752797778179
        }
      },
      "model_col": "p_lgbm",
      "oof_calibrated_path": "oof_with_calibrated_p_lgbm.parquet",
      "sizing_curve_path": "sizing_curve_p_lgbm.csv"
    },
    "p_logreg": {
      "best_thresholds": {
        "ALL": {
          "best_by_mean_pnl_R": {
            "mean_pnl_R": 2.3165499179536058,
            "mean_pnl_R_not_time": 2.7503824531814383,
            "n": 208,
            "pos_rate": 0.7355769230769231,
            "rank_by_mean_pnl": 1.0,
            "rank_by_sum_pnl": 33.0,
            "scope": "ALL",
            "sum_pnl_R": 481.84238293435,
            "threshold": 0.68,
            "time_rate": 0.27403846153846156,
            "win_rate": 0.7836538461538461
          },
          "best_by_sum_pnl_R": {
            "mean_pnl_R": 0.7129527136617936,
            "mean_pnl_R_not_time": 0.6357037194994067,
            "n": 3549,
            "pos_rate": 0.4051845590307129,
            "rank_by_mean_pnl": 23.0,
            "rank_by_sum_pnl": 1.0,
            "scope": "ALL",
            "sum_pnl_R": 2530.2691807857054,
            "threshold": 0.24,
            "time_rate": 0.25218371372217524,
            "win_rate": 0.4536489151873767
          }
        },
        "RISK_ON_1": {
          "best_by_mean_pnl_R": {
            "mean_pnl_R": 2.0218786403485374,
            "mean_pnl_R_not_time": 2.3956858121877533,
            "n": 242,
            "pos_rate": 0.6818181818181818,
            "rank_by_mean_pnl": 1.0,
            "rank_by_sum_pnl": 32.0,
            "scope": "RISK_ON_1",
            "sum_pnl_R": 489.2946309643461,
            "threshold": 0.62,
            "time_rate": 0.29338842975206614,
            "win_rate": 0.731404958677686
          },
          "best_by_sum_pnl_R": {
            "mean_pnl_R": 0.9414587049363887,
            "mean_pnl_R_not_time": 0.899026091906185,
            "n": 1416,
            "pos_rate": 0.4661016949152542,
            "rank_by_mean_pnl": 20.0,
            "rank_by_sum_pnl": 1.0,
            "scope": "RISK_ON_1",
            "sum_pnl_R": 1333.1055261899264,
            "threshold": 0.24,
            "time_rate": 0.2740112994350282,
            "win_rate": 0.5084745762711864
          }
        }
      },
      "calibration_bins_path": "calibration_bins_p_logreg.csv",
      "calibrator_path": "calibrator_p_logreg_sigmoid.joblib",
      "chosen_method": "sigmoid",
      "ev_thresholds_path": "ev_thresholds_p_logreg.csv",
      "global_calibrated": {
        "auc": 0.7397684451395523,
        "avg_precision": 0.49213098097799307,
        "brier": 0.16278423992229682,
        "ece": 0.016409612932228264,
        "logloss": 0.4961478293735727
      },
      "global_raw": {
        "auc": 0.7397684451395523,
        "avg_precision": 0.49213098097799307,
        "brier": 0.20482219111953096,
        "ece": 0.19297529288588078,
        "logloss": 0.5973214572797008
      },
      "methods_test_metrics": {
        "isotonic": {
          "auc": 0.7359278569908491,
          "avg_precision": 0.5320105641302965,
          "brier": 0.18126714446192413,
          "ece": 0.050210744919294316,
          "logloss": 0.5380481010322684
        },
        "none": {
          "auc": 0.7365042207561893,
          "avg_precision": 0.5473833106591016,
          "brier": 0.22470719552125756,
          "ece": 0.20410792716097018,
          "logloss": 0.6398955382944852
        },
        "sigmoid": {
          "auc": 0.7365042207561893,
          "avg_precision": 0.5473833106591016,
          "brier": 0.18023117394293156,
          "ece": 0.042164020613134186,
          "logloss": 0.5346215131659497
        }
      },
      "model_col": "p_logreg",
      "oof_calibrated_path": "oof_with_calibrated_p_logreg.parquet",
      "sizing_curve_path": "sizing_curve_p_logreg.csv"
    }
  },
  "n_rows_cal_test": 730,
  "n_rows_cal_train": 1706,
  "n_rows_fit_scope": 2436,
  "n_rows_total": 8149,
  "oof": "research_outputs/04_models_cv/oof_predictions.parquet",
  "outdir": "research_outputs/05_calibration_ev_riskon",
  "target": "y_good_05"
}