{
  "best_thresholds": {
    "ALL": {
      "best_by_mean_pnl_R": {
        "mean_pnl_R": 2.268405649686853,
        "mean_pnl_R_not_time": 2.5680291668076234,
        "n": 229,
        "pos_rate": 0.7467248908296943,
        "rank_by_mean_pnl": 1.0,
        "rank_by_sum_pnl": 20.0,
        "scope": "ALL",
        "sum_pnl_R": 519.4648937782894,
        "threshold": 0.78,
        "time_rate": 0.23580786026200873,
        "win_rate": 0.7685589519650655
      },
      "best_by_sum_pnl_R": {
        "mean_pnl_R": 0.7480083989298155,
        "mean_pnl_R_not_time": 0.6688947345794475,
        "n": 4008,
        "pos_rate": 0.4184131736526946,
        "rank_by_mean_pnl": 12.0,
        "rank_by_sum_pnl": 1.0,
        "scope": "ALL",
        "sum_pnl_R": 2998.0176629107004,
        "threshold": 0.34,
        "time_rate": 0.25399201596806387,
        "win_rate": 0.4660678642714571
      }
    },
    "RISK_ON_1": {
      "best_by_mean_pnl_R": {
        "mean_pnl_R": 2.2143210954621177,
        "mean_pnl_R_not_time": 2.5930579198110535,
        "n": 234,
        "pos_rate": 0.7521367521367521,
        "rank_by_mean_pnl": 1.0,
        "rank_by_sum_pnl": 17.0,
        "scope": "RISK_ON_1",
        "sum_pnl_R": 518.1511363381355,
        "threshold": 0.64,
        "time_rate": 0.29914529914529914,
        "win_rate": 0.782051282051282
      },
      "best_by_sum_pnl_R": {
        "mean_pnl_R": 0.9022446996490953,
        "mean_pnl_R_not_time": 0.8399504664592726,
        "n": 1775,
        "pos_rate": 0.46253521126760566,
        "rank_by_mean_pnl": 11.0,
        "rank_by_sum_pnl": 1.0,
        "scope": "RISK_ON_1",
        "sum_pnl_R": 1601.484341877144,
        "threshold": 0.26,
        "time_rate": 0.26591549295774647,
        "win_rate": 0.504225352112676
      }
    }
  },
  "calibration_bins_path": "calibration_bins_p_lgbm.csv",
  "calibrator_path": "calibrator_p_lgbm_isotonic.joblib",
  "chosen_method": "isotonic",
  "ev_thresholds_path": "ev_thresholds_p_lgbm.csv",
  "global_calibrated": {
    "auc": 0.7707488825789792,
    "avg_precision": 0.47541664369982617,
    "brier": 0.14674263017494316,
    "ece": 0.026875097050072183,
    "logloss": 0.47148288832169366
  },
  "global_raw": {
    "auc": 0.7701348974576779,
    "avg_precision": 0.48925496325042067,
    "brier": 0.15619158732475338,
    "ece": 0.09080377945989745,
    "logloss": 0.5090520794011224
  },
  "methods_test_metrics": {
    "isotonic": {
      "auc": 0.7719972926409057,
      "avg_precision": 0.5907315914856581,
      "brier": 0.17780147762127704,
      "ece": 0.060889194136461405,
      "logloss": 0.5264259770093076
    },
    "none": {
      "auc": 0.7732217573221758,
      "avg_precision": 0.6204111420771315,
      "brier": 0.1989028792551304,
      "ece": 0.14764655219192108,
      "logloss": 0.6320102513774121
    },
    "sigmoid": {
      "auc": 0.7732217573221758,
      "avg_precision": 0.6204111420771315,
      "brier": 0.17849396183815197,
      "ece": 0.0654373011938808,
      "logloss": 0.5289469986717109
    }
  },
  "model_col": "p_lgbm",
  "oof_calibrated_path": "oof_with_calibrated_p_lgbm.parquet",
  "sizing_curve_path": "sizing_curve_p_lgbm.csv"
}