{
  "consistency": {
    "WIN_vs_pnl_R": {
      "mismatch_rate": 0.0,
      "n_mismatch": 0,
      "n_valid_both": 11271
    }
  },
  "infile": "results/trades.clean.csv",
  "outfile": "targets.parquet",
  "targets": {
    "y_exit_class_counts": {
      "0": 8003,
      "1": 1410,
      "2": 1858
    },
    "y_good_05": {
      "n": 11271,
      "n_0": 8718,
      "n_1": 2553,
      "n_na": 0,
      "rate_1": 0.22651051370774555
    },
    "y_good_10": {
      "n": 11271,
      "n_0": 9043,
      "n_1": 2228,
      "n_na": 0,
      "rate_1": 0.19767545027060598
    },
    "y_sl": {
      "n": 11271,
      "n_0": 3268,
      "n_1": 8003,
      "n_na": 0,
      "rate_1": 0.7100523467305474
    },
    "y_time": {
      "n": 11271,
      "n_0": 9413,
      "n_1": 1858,
      "n_na": 0,
      "rate_1": 0.16484783958832402
    },
    "y_tp": {
      "n": 11271,
      "n_0": 9861,
      "n_1": 1410,
      "n_na": 0,
      "rate_1": 0.12509981368112855
    },
    "y_win": {
      "n": 11271,
      "n_0": 8375,
      "n_1": 2896,
      "n_na": 0,
      "rate_1": 0.25694259604294206
    }
  },
  "total_rows": 11271,
  "win_source": "WIN"
}