{
  "best_thresholds": {
    "ALL": {
      "best_by_mean_pnl_R": {
        "mean_pnl_R": 2.296934329816161,
        "mean_pnl_R_not_time": 2.7488958867117677,
        "n": 224,
        "pos_rate": 0.7455357142857143,
        "rank_by_mean_pnl": 1.0,
        "rank_by_sum_pnl": 31.0,
        "scope": "ALL",
        "sum_pnl_R": 514.51328987882,
        "threshold": 0.64,
        "time_rate": 0.29017857142857145,
        "win_rate": 0.7901785714285714
      },
      "best_by_sum_pnl_R": {
        "mean_pnl_R": 0.700114411873418,
        "mean_pnl_R_not_time": 0.6197220421755809,
        "n": 3612,
        "pos_rate": 0.4019933554817276,
        "rank_by_mean_pnl": 21.0,
        "rank_by_sum_pnl": 1.0,
        "scope": "ALL",
        "sum_pnl_R": 2528.813255686786,
        "threshold": 0.24,
        "time_rate": 0.2513842746400886,
        "win_rate": 0.45044296788482835
      }
    },
    "RISK_ON_1": {
      "best_by_mean_pnl_R": {
        "mean_pnl_R": 2.0932903716754105,
        "mean_pnl_R_not_time": 2.503907561739994,
        "n": 217,
        "pos_rate": 0.6912442396313364,
        "rank_by_mean_pnl": 1.0,
        "rank_by_sum_pnl": 31.0,
        "scope": "RISK_ON_1",
        "sum_pnl_R": 454.2440106535641,
        "threshold": 0.6,
        "time_rate": 0.29493087557603687,
        "win_rate": 0.7419354838709677
      },
      "best_by_sum_pnl_R": {
        "mean_pnl_R": 0.9350784969666899,
        "mean_pnl_R_not_time": 0.8900264628506199,
        "n": 1428,
        "pos_rate": 0.4642857142857143,
        "rank_by_mean_pnl": 19.0,
        "rank_by_sum_pnl": 1.0,
        "scope": "RISK_ON_1",
        "sum_pnl_R": 1335.2920936684332,
        "threshold": 0.24,
        "time_rate": 0.27310924369747897,
        "win_rate": 0.5070028011204482
      }
    }
  },
  "calibration_bins_path": "calibration_bins_p_logreg.csv",
  "calibrator_path": "calibrator_p_logreg_sigmoid.joblib",
  "chosen_method": "sigmoid",
  "ev_thresholds_path": "ev_thresholds_p_logreg.csv",
  "global_calibrated": {
    "auc": 0.7397684451395523,
    "avg_precision": 0.49213098097799307,
    "brier": 0.16264614427652155,
    "ece": 0.011802657806389684,
    "logloss": 0.49566207947098934
  },
  "global_raw": {
    "auc": 0.7397684451395523,
    "avg_precision": 0.49213098097799307,
    "brier": 0.20482219111953096,
    "ece": 0.19297529288588078,
    "logloss": 0.5973214572797008
  },
  "methods_test_metrics": {
    "isotonic": {
      "auc": 0.7472707056863379,
      "avg_precision": 0.5289693204565398,
      "brier": 0.16764801867239768,
      "ece": 0.034006966139521366,
      "logloss": 0.5180471231351691
    },
    "none": {
      "auc": 0.7476586853703108,
      "avg_precision": 0.5385558088084362,
      "brier": 0.20868057094169526,
      "ece": 0.1902849882301118,
      "logloss": 0.6058688419913151
    },
    "sigmoid": {
      "auc": 0.7476586853703108,
      "avg_precision": 0.5385558088084362,
      "brier": 0.1672291782737467,
      "ece": 0.024374012423237727,
      "logloss": 0.5074350551879931
    }
  },
  "model_col": "p_logreg",
  "oof_calibrated_path": "oof_with_calibrated_p_logreg.parquet",
  "sizing_curve_path": "sizing_curve_p_logreg.csv"
}