{
  "fit_scope": "ALL",
  "holdout_frac": 0.3,
  "models": {
    "p_lgbm": {
      "best_thresholds": {
        "ALL": {
          "best_by_mean_pnl_R": {
            "mean_pnl_R": 2.363528353609565,
            "mean_pnl_R_not_time": 2.5872511961629003,
            "n": 206,
            "pos_rate": 0.7524271844660194,
            "rank_by_mean_pnl": 1.0,
            "rank_by_sum_pnl": 33.0,
            "scope": "ALL",
            "sum_pnl_R": 486.8868408435703,
            "threshold": 0.68,
            "time_rate": 0.2087378640776699,
            "win_rate": 0.7669902912621359
          },
          "best_by_sum_pnl_R": {
            "mean_pnl_R": 0.8875886053788564,
            "mean_pnl_R_not_time": 0.8448874024774407,
            "n": 2990,
            "pos_rate": 0.4431438127090301,
            "rank_by_mean_pnl": 21.0,
            "rank_by_sum_pnl": 1.0,
            "scope": "ALL",
            "sum_pnl_R": 2653.8899300827807,
            "threshold": 0.28,
            "time_rate": 0.24648829431438127,
            "win_rate": 0.4882943143812709
          }
        },
        "RISK_ON_1": {
          "best_by_mean_pnl_R": {
            "mean_pnl_R": 2.396456121674176,
            "mean_pnl_R_not_time": 2.73991041353798,
            "n": 218,
            "pos_rate": 0.7752293577981652,
            "rank_by_mean_pnl": 1.0,
            "rank_by_sum_pnl": 31.0,
            "scope": "RISK_ON_1",
            "sum_pnl_R": 522.4274345249704,
            "threshold": 0.6,
            "time_rate": 0.25229357798165136,
            "win_rate": 0.7981651376146789
          },
          "best_by_sum_pnl_R": {
            "mean_pnl_R": 0.8557877910972014,
            "mean_pnl_R_not_time": 0.7908304811551474,
            "n": 1509,
            "pos_rate": 0.4459907223326706,
            "rank_by_mean_pnl": 21.0,
            "rank_by_sum_pnl": 1.0,
            "scope": "RISK_ON_1",
            "sum_pnl_R": 1291.3837767656769,
            "threshold": 0.2,
            "time_rate": 0.2591119946984758,
            "win_rate": 0.48177601060304837
          }
        }
      },
      "calibration_bins_path": "calibration_bins_p_lgbm.csv",
      "calibrator_path": "calibrator_p_lgbm_sigmoid.joblib",
      "chosen_method": "sigmoid",
      "ev_thresholds_path": "ev_thresholds_p_lgbm.csv",
      "global_calibrated": {
        "auc": 0.7550756597665875,
        "avg_precision": 0.5177888175121914,
        "brier": 0.15879113104258588,
        "ece": 0.01701850761367694,
        "logloss": 0.4837911523803857
      },
      "global_raw": {
        "auc": 0.7550756597665875,
        "avg_precision": 0.5177888175121914,
        "brier": 0.1706401734586537,
        "ece": 0.1021524651698968,
        "logloss": 0.5584377999293586
      },
      "methods_test_metrics": {
        "isotonic": {
          "auc": 0.7563021505159625,
          "avg_precision": 0.543017156879943,
          "brier": 0.16665018492560718,
          "ece": 0.04563678095739949,
          "logloss": 0.5138237014461522
        },
        "none": {
          "auc": 0.756962639739869,
          "avg_precision": 0.5650855425363883,
          "brier": 0.1797485388122418,
          "ece": 0.12257197103794987,
          "logloss": 0.5905691484297418
        },
        "sigmoid": {
          "auc": 0.756962639739869,
          "avg_precision": 0.5650855425363883,
          "brier": 0.16649941178894656,
          "ece": 0.04397391515086969,
          "logloss": 0.5034085552515087
        }
      },
      "model_col": "p_lgbm",
      "oof_calibrated_path": "oof_with_calibrated_p_lgbm.parquet",
      "sizing_curve_path": "sizing_curve_p_lgbm.csv"
    },
    "p_logreg": {
      "best_thresholds": {
        "ALL": {
          "best_by_mean_pnl_R": {
            "mean_pnl_R": 2.296934329816161,
            "mean_pnl_R_not_time": 2.7488958867117677,
            "n": 224,
            "pos_rate": 0.7455357142857143,
            "rank_by_mean_pnl": 1.0,
            "rank_by_sum_pnl": 31.0,
            "scope": "ALL",
            "sum_pnl_R": 514.51328987882,
            "threshold": 0.64,
            "time_rate": 0.29017857142857145,
            "win_rate": 0.7901785714285714
          },
          "best_by_sum_pnl_R": {
            "mean_pnl_R": 0.700114411873418,
            "mean_pnl_R_not_time": 0.6197220421755809,
            "n": 3612,
            "pos_rate": 0.4019933554817276,
            "rank_by_mean_pnl": 21.0,
            "rank_by_sum_pnl": 1.0,
            "scope": "ALL",
            "sum_pnl_R": 2528.813255686786,
            "threshold": 0.24,
            "time_rate": 0.2513842746400886,
            "win_rate": 0.45044296788482835
          }
        },
        "RISK_ON_1": {
          "best_by_mean_pnl_R": {
            "mean_pnl_R": 2.0932903716754105,
            "mean_pnl_R_not_time": 2.503907561739994,
            "n": 217,
            "pos_rate": 0.6912442396313364,
            "rank_by_mean_pnl": 1.0,
            "rank_by_sum_pnl": 31.0,
            "scope": "RISK_ON_1",
            "sum_pnl_R": 454.2440106535641,
            "threshold": 0.6,
            "time_rate": 0.29493087557603687,
            "win_rate": 0.7419354838709677
          },
          "best_by_sum_pnl_R": {
            "mean_pnl_R": 0.9350784969666899,
            "mean_pnl_R_not_time": 0.8900264628506199,
            "n": 1428,
            "pos_rate": 0.4642857142857143,
            "rank_by_mean_pnl": 19.0,
            "rank_by_sum_pnl": 1.0,
            "scope": "RISK_ON_1",
            "sum_pnl_R": 1335.2920936684332,
            "threshold": 0.24,
            "time_rate": 0.27310924369747897,
            "win_rate": 0.5070028011204482
          }
        }
      },
      "calibration_bins_path": "calibration_bins_p_logreg.csv",
      "calibrator_path": "calibrator_p_logreg_sigmoid.joblib",
      "chosen_method": "sigmoid",
      "ev_thresholds_path": "ev_thresholds_p_logreg.csv",
      "global_calibrated": {
        "auc": 0.7397684451395523,
        "avg_precision": 0.49213098097799307,
        "brier": 0.16264614427652155,
        "ece": 0.011802657806389684,
        "logloss": 0.49566207947098934
      },
      "global_raw": {
        "auc": 0.7397684451395523,
        "avg_precision": 0.49213098097799307,
        "brier": 0.20482219111953096,
        "ece": 0.19297529288588078,
        "logloss": 0.5973214572797008
      },
      "methods_test_metrics": {
        "isotonic": {
          "auc": 0.7472707056863379,
          "avg_precision": 0.5289693204565398,
          "brier": 0.16764801867239768,
          "ece": 0.034006966139521366,
          "logloss": 0.5180471231351691
        },
        "none": {
          "auc": 0.7476586853703108,
          "avg_precision": 0.5385558088084362,
          "brier": 0.20868057094169526,
          "ece": 0.1902849882301118,
          "logloss": 0.6058688419913151
        },
        "sigmoid": {
          "auc": 0.7476586853703108,
          "avg_precision": 0.5385558088084362,
          "brier": 0.1672291782737467,
          "ece": 0.024374012423237727,
          "logloss": 0.5074350551879931
        }
      },
      "model_col": "p_logreg",
      "oof_calibrated_path": "oof_with_calibrated_p_logreg.parquet",
      "sizing_curve_path": "sizing_curve_p_logreg.csv"
    }
  },
  "n_rows_cal_test": 2444,
  "n_rows_cal_train": 5705,
  "n_rows_fit_scope": 8149,
  "n_rows_total": 8149,
  "oof": "research_outputs/04_models_cv/oof_predictions.parquet",
  "outdir": "research_outputs/05_calibration_ev",
  "target": "y_good_05"
}